number,title,file,original_file,duration_s,start_s,end_s,start_timecode,end_timecode
1,Generate a scene and refine a movement,clips/01-generate-a-scene-and-refine-a-movement.mp4,01-generate-and-refine.mp4,27.200,0.000,27.200,00:00:00.000,00:00:27.200
2,Generate a garden and change the camera,clips/02-generate-a-garden-and-change-the-camera.mp4,02-ai-background-and-camera.mp4,20.433,27.200,47.633,00:00:27.200,00:00:47.633
3,Switch environments during playback,clips/03-switch-environments-during-playback.mp4,03-live-environments.mp4,21.533,47.633,69.167,00:00:47.633,00:01:09.167
4,Switch three characters during playback,clips/04-switch-three-characters-during-playback.mp4,05-live-character-switch.mp4,23.533,69.167,92.700,00:01:09.167,00:01:32.700
5,Add and clear effects during playback,clips/05-add-and-clear-effects-during-playback.mp4,04-live-effects-lighting.mp4,22.567,92.700,115.267,00:01:32.700,00:01:55.267
6,"Move, scale and duplicate props",clips/06-move-scale-and-duplicate-props.mp4,06-live-prop-edits.mp4,20.000,115.267,135.267,00:01:55.267,00:02:15.267
7,Custom mechanic in the neon lab,clips/07-custom-mechanic-in-the-neon-lab.mp4,refined-neon-lab-mechanic.mp4,7.533,135.267,142.800,00:02:15.267,00:02:22.800
8,Two-person handshake,clips/08-two-person-handshake.mp4,duo_city_handshake.mp4,7.400,142.800,150.200,00:02:22.800,00:02:30.200
9,"Three performers, three actions",clips/09-three-performers-three-actions.mp4,trio_industrial_distinct_actions_close.mp4,6.000,150.200,156.200,00:02:30.200,00:02:36.200
10,Door contact and crossing,clips/10-door-contact-and-crossing.mp4,terrain-yard-door-medic.mp4,21.433,156.200,177.633,00:02:36.200,00:02:57.633
11,Continuous two-stair and bridge route,clips/11-continuous-two-stair-and-bridge-route.mp4,terrain-temple-two-flights-bridge-explorer.mp4,62.833,177.633,240.467,00:02:57.633,00:04:00.467
